{"cameraMode":{"drawMode":0,"name":"Shaded","section":"Shading Mode"},"sceneLighting":true,"audioPlay":false,"sceneViewState":{"showFog":true,"showMaterialUpdate":false,"showSkybox":true,"showFlares":true,"showImageEffects":true,"showParticleSystems":true},"in2DMode":false,"pivot":{"x":22.900352478027345,"y":-0.8705978393554688,"z":-26.97660255432129},"rotation":{"x":0.013654938898980618,"y":0.9807838797569275,"z":-0.17980080842971803,"w":0.0744868740439415},"size":23.686063766479493,"orthographic":false}