{"cameraMode":{"drawMode":0,"name":"Shaded","section":"Shading Mode"},"sceneLighting":false,"audioPlay":false,"sceneViewState":{"showFog":true,"showMaterialUpdate":false,"showSkybox":true,"showFlares":true,"showImageEffects":true,"showParticleSystems":true},"in2DMode":false,"pivot":{"x":-4.247281074523926,"y":4.720490455627441,"z":-1.4195671081542969},"rotation":{"x":-0.0018406063318252564,"y":0.9971868991851807,"z":-0.07022831588983536,"w":-0.026131566613912584},"size":22.0,"orthographic":false}