{"cameraMode":{"drawMode":0,"name":"Shaded","section":"Shading Mode"},"sceneLighting":false,"audioPlay":false,"sceneViewState":{"showFog":true,"showMaterialUpdate":false,"showSkybox":true,"showFlares":true,"showImageEffects":true,"showParticleSystems":true},"in2DMode":false,"pivot":{"x":-0.32919561862945559,"y":-0.1740206480026245,"z":0.04306960105895996},"rotation":{"x":0.0030410345643758775,"y":0.9770234823226929,"z":-0.212651789188385,"w":0.013973196037113667},"size":2.8578836917877199,"orthographic":false}